{
    "utterances": [
        {
            "text": "Do I look fresh as f***",
            "entities": [],
            "traits": [],
            "intent": "user status"
        },
        {
            "text": "How do I look?",
            "entities": [],
            "traits": [],
            "intent": "user status"
        },
        {
            "text": "I want to hear a joke",
            "entities": [],
            "traits": [],
            "intent": "joke"
        },
        {
            "text": "Show me a map",
            "entities": [],
            "traits": [],
            "intent": "maps"
        },
        {
            "text": "any holidays coming up",
            "entities": [],
            "traits": [],
            "intent": "holidays"
        },
        {
            "text": "any upcoming holidays",
            "entities": [],
            "traits": [],
            "intent": "holidays"
        },
        {
            "text": "anything on my calendar",
            "entities": [],
            "traits": [],
            "intent": "holidays"
        },
        {
            "text": "anything on the calendar",
            "entities": [],
            "traits": [],
            "intent": "holidays"
        },
        {
            "text": "can you get today's weather",
            "entities": [
                {
                    "entity": "wit$datetime:datetime",
                    "start": 12,
                    "end": 17,
                    "body": "today",
                    "entities": []
                }
            ],
            "traits": [
                {
                    "trait": "Weather-Type",
                    "value": "current"
                }
            ],
            "intent": "weather"
        },
        {
            "text": "can you get tomorrow's forecast",
            "entities": [
                {
                    "entity": "wit$datetime:datetime",
                    "start": 12,
                    "end": 20,
                    "body": "tomorrow",
                    "entities": []
                }
            ],
            "traits": [
                {
                    "trait": "Weather-Type",
                    "value": "tomorrow"
                }
            ],
            "intent": "weather"
        },
        {
            "text": "do I have anything coming up soon",
            "entities": [],
            "traits": [],
            "intent": "holidays"
        },
        {
            "text": "do I have anything to do this week?",
            "entities": [
                {
                    "entity": "wit$datetime:datetime",
                    "start": 25,
                    "end": 34,
                    "body": "this week",
                    "entities": []
                }
            ],
            "traits": []
        },
        {
            "text": "do my clothes look good?",
            "entities": [
                {
                    "entity": "Status-Type:Status-Type",
                    "start": 6,
                    "end": 13,
                    "body": "clothes",
                    "entities": []
                }
            ],
            "traits": [],
            "intent": "user status"
        },
        {
            "text": "do my clothes look nice?",
            "entities": [
                {
                    "entity": "Status-Type:Status-Type",
                    "start": 6,
                    "end": 13,
                    "body": "clothes",
                    "entities": []
                }
            ],
            "traits": [],
            "intent": "user status"
        },
        {
            "text": "does my hair look good",
            "entities": [
                {
                    "entity": "Status-Type:Status-Type",
                    "start": 8,
                    "end": 12,
                    "body": "hair",
                    "entities": []
                }
            ],
            "traits": [],
            "intent": "user status"
        },
        {
            "text": "does my outfit look nice?",
            "entities": [
                {
                    "entity": "Status-Type:Status-Type",
                    "start": 8,
                    "end": 14,
                    "body": "outfit",
                    "entities": []
                }
            ],
            "traits": [],
            "intent": "user status"
        },
        {
            "text": "f*** you",
            "entities": [],
            "traits": [],
            "intent": "insult"
        },
        {
            "text": "good afternoon",
            "entities": [
                {
                    "entity": "wit$datetime:datetime",
                    "start": 5,
                    "end": 14,
                    "body": "afternoon",
                    "entities": []
                }
            ],
            "traits": [],
            "intent": "greeting"
        },
        {
            "text": "good evening",
            "entities": [
                {
                    "entity": "wit$datetime:datetime",
                    "start": 5,
                    "end": 12,
                    "body": "evening",
                    "entities": []
                }
            ],
            "traits": [],
            "intent": "greeting"
        },
        {
            "text": "good morning",
            "entities": [
                {
                    "entity": "wit$datetime:datetime",
                    "start": 5,
                    "end": 12,
                    "body": "morning",
                    "entities": []
                }
            ],
            "traits": [],
            "intent": "greeting"
        },
        {
            "text": "hello",
            "entities": [],
            "traits": [],
            "intent": "greeting"
        },
        {
            "text": "hey",
            "entities": [],
            "traits": [],
            "intent": "greeting"
        },
        {
            "text": "hi",
            "entities": [],
            "traits": [],
            "intent": "greeting"
        },
        {
            "text": "how are you doing",
            "entities": [],
            "traits": [],
            "intent": "personal status"
        },
        {
            "text": "how are you?",
            "entities": [],
            "traits": [],
            "intent": "personal status"
        },
        {
            "text": "how do I look",
            "entities": [],
            "traits": [],
            "intent": "user status"
        },
        {
            "text": "how do my clothes look",
            "entities": [
                {
                    "entity": "Status-Type:Status-Type",
                    "start": 10,
                    "end": 17,
                    "body": "clothes",
                    "entities": []
                }
            ],
            "traits": [],
            "intent": "user status"
        },
        {
            "text": "how does my makeup look",
            "entities": [
                {
                    "entity": "Status-Type:Status-Type",
                    "start": 12,
                    "end": 18,
                    "body": "makeup",
                    "entities": []
                }
            ],
            "traits": [],
            "intent": "user status"
        },
        {
            "text": "how does my outfit look",
            "entities": [
                {
                    "entity": "Status-Type:Status-Type",
                    "start": 12,
                    "end": 18,
                    "body": "outfit",
                    "entities": []
                }
            ],
            "traits": [],
            "intent": "user status"
        },
        {
            "text": "how does my up do look?",
            "entities": [
                {
                    "entity": "Status-Type:Status-Type",
                    "start": 12,
                    "end": 17,
                    "body": "up do",
                    "entities": []
                }
            ],
            "traits": [],
            "intent": "user status"
        },
        {
            "text": "how's the weather like this week",
            "entities": [
                {
                    "entity": "wit$datetime:datetime",
                    "start": 23,
                    "end": 32,
                    "body": "this week",
                    "entities": []
                }
            ],
            "traits": [
                {
                    "trait": "Weather-Type",
                    "value": "7 day"
                }
            ],
            "intent": "weather"
        },
        {
            "text": "hows the weather look today?",
            "entities": [
                {
                    "entity": "wit$datetime:datetime",
                    "start": 22,
                    "end": 27,
                    "body": "today",
                    "entities": []
                }
            ],
            "traits": [],
            "intent": "weather"
        },
        {
            "text": "mirror mirror on the wall who's the fairest of them all",
            "entities": [],
            "traits": [],
            "intent": "snow white"
        },
        {
            "text": "reveal yourself",
            "entities": [],
            "traits": [],
            "intent": "appearance"
        },
        {
            "text": "show me a hybrid map of santa clara",
            "entities": [
                {
                    "entity": "Map-Type:Map-Type",
                    "start": 10,
                    "end": 16,
                    "body": "hybrid",
                    "entities": []
                },
                {
                    "entity": "wit$location:location",
                    "start": 24,
                    "end": 35,
                    "body": "santa clara",
                    "entities": []
                }
            ],
            "traits": [],
            "intent": "maps"
        },
        {
            "text": "show me a hybrid map of santa cruz",
            "entities": [
                {
                    "entity": "Map-Type:Map-Type",
                    "start": 10,
                    "end": 16,
                    "body": "hybrid",
                    "entities": []
                },
                {
                    "entity": "wit$location:location",
                    "start": 24,
                    "end": 34,
                    "body": "santa cruz",
                    "entities": []
                }
            ],
            "traits": [],
            "intent": "maps"
        },
        {
            "text": "show me a map of des moines",
            "entities": [
                {
                    "entity": "wit$location:location",
                    "start": 17,
                    "end": 27,
                    "body": "des moines",
                    "entities": []
                }
            ],
            "traits": [],
            "intent": "maps"
        },
        {
            "text": "show me a map of new york",
            "entities": [
                {
                    "entity": "wit$location:location",
                    "start": 17,
                    "end": 25,
                    "body": "new york",
                    "entities": []
                }
            ],
            "traits": [],
            "intent": "maps"
        },
        {
            "text": "show me a map of san francisco",
            "entities": [
                {
                    "entity": "wit$location:location",
                    "start": 17,
                    "end": 30,
                    "body": "san francisco",
                    "entities": []
                }
            ],
            "traits": [],
            "intent": "maps"
        },
        {
            "text": "show me a map of santa clara",
            "entities": [
                {
                    "entity": "wit$location:location",
                    "start": 17,
                    "end": 28,
                    "body": "santa clara",
                    "entities": []
                }
            ],
            "traits": [],
            "intent": "maps"
        },
        {
            "text": "show me a normal map of santa clara",
            "entities": [
                {
                    "entity": "wit$location:location",
                    "start": 24,
                    "end": 35,
                    "body": "santa clara",
                    "entities": []
                },
                {
                    "entity": "Map-Type:Map-Type",
                    "start": 10,
                    "end": 16,
                    "body": "normal",
                    "entities": []
                }
            ],
            "traits": [],
            "intent": "maps"
        },
        {
            "text": "show me a roadmap of santa clara",
            "entities": [
                {
                    "entity": "wit$location:location",
                    "start": 21,
                    "end": 32,
                    "body": "santa clara",
                    "entities": []
                },
                {
                    "entity": "Map-Type:Map-Type",
                    "start": 10,
                    "end": 17,
                    "body": "roadmap",
                    "entities": []
                }
            ],
            "traits": [],
            "intent": "maps"
        },
        {
            "text": "show me a satellite map of santa clara",
            "entities": [
                {
                    "entity": "wit$location:location",
                    "start": 27,
                    "end": 38,
                    "body": "santa clara",
                    "entities": []
                },
                {
                    "entity": "Map-Type:Map-Type",
                    "start": 10,
                    "end": 19,
                    "body": "satellite",
                    "entities": []
                }
            ],
            "traits": [],
            "intent": "maps"
        },
        {
            "text": "show me a terrain map of santa clara",
            "entities": [
                {
                    "entity": "Map-Type:Map-Type",
                    "start": 10,
                    "end": 17,
                    "body": "terrain",
                    "entities": []
                },
                {
                    "entity": "wit$location:location",
                    "start": 25,
                    "end": 36,
                    "body": "santa clara",
                    "entities": []
                }
            ],
            "traits": [],
            "intent": "greeting"
        },
        {
            "text": "show me some current events",
            "entities": [],
            "traits": [],
            "intent": "news"
        },
        {
            "text": "show me some current news",
            "entities": [],
            "traits": [],
            "intent": "news"
        },
        {
            "text": "show me the news",
            "entities": [],
            "traits": [],
            "intent": "news"
        },
        {
            "text": "show me the weather",
            "entities": [],
            "traits": [],
            "intent": "weather"
        },
        {
            "text": "show me what you look like",
            "entities": [],
            "traits": [],
            "intent": "appearance"
        },
        {
            "text": "show me your face",
            "entities": [],
            "traits": [],
            "intent": "appearance"
        },
        {
            "text": "show yourself",
            "entities": [],
            "traits": [],
            "intent": "appearance"
        },
        {
            "text": "tell me a joke",
            "entities": [],
            "traits": [],
            "intent": "joke"
        },
        {
            "text": "thank you",
            "entities": [],
            "traits": [],
            "intent": "appreciation"
        },
        {
            "text": "thanks",
            "entities": [],
            "traits": [],
            "intent": "appreciation"
        },
        {
            "text": "thanks for your help",
            "entities": [],
            "traits": [],
            "intent": "appreciation"
        },
        {
            "text": "what are some current events?",
            "entities": [],
            "traits": [],
            "intent": "news"
        },
        {
            "text": "what are some upcoming holidays",
            "entities": [],
            "traits": [],
            "intent": "holidays"
        },
        {
            "text": "what are you?",
            "entities": [],
            "traits": [],
            "intent": "appearance"
        },
        {
            "text": "what do I have on my calendar for today",
            "entities": [
                {
                    "entity": "wit$datetime:datetime",
                    "start": 34,
                    "end": 39,
                    "body": "today",
                    "entities": []
                }
            ],
            "traits": []
        },
        {
            "text": "what do I have on my calendar this week",
            "entities": [
                {
                    "entity": "wit$datetime:datetime",
                    "start": 30,
                    "end": 39,
                    "body": "this week",
                    "entities": []
                }
            ],
            "traits": []
        },
        {
            "text": "what do I have on my calendar today",
            "entities": [
                {
                    "entity": "wit$datetime:datetime",
                    "start": 30,
                    "end": 35,
                    "body": "today",
                    "entities": []
                }
            ],
            "traits": []
        },
        {
            "text": "what do I have planned for this week",
            "entities": [
                {
                    "entity": "wit$datetime:datetime",
                    "start": 27,
                    "end": 36,
                    "body": "this week",
                    "entities": []
                }
            ],
            "traits": []
        },
        {
            "text": "what do I have planned for today",
            "entities": [
                {
                    "entity": "wit$datetime:datetime",
                    "start": 27,
                    "end": 32,
                    "body": "today",
                    "entities": []
                }
            ],
            "traits": []
        },
        {
            "text": "what do you look like",
            "entities": [],
            "traits": [],
            "intent": "appearance"
        },
        {
            "text": "what is your appearance",
            "entities": [],
            "traits": [],
            "intent": "appearance"
        },
        {
            "text": "what was the weather like yesterday",
            "entities": [
                {
                    "entity": "wit$datetime:datetime",
                    "start": 26,
                    "end": 35,
                    "body": "yesterday",
                    "entities": []
                }
            ],
            "traits": [],
            "intent": "weather"
        },
        {
            "text": "what's my name",
            "entities": [],
            "traits": [],
            "intent": "user name"
        },
        {
            "text": "what's my purpose",
            "entities": [],
            "traits": [],
            "intent": "meaning of life"
        },
        {
            "text": "what's on my calendar",
            "entities": [],
            "traits": [],
            "intent": "holidays"
        },
        {
            "text": "what's on my calendar for today?",
            "entities": [
                {
                    "entity": "wit$datetime:datetime",
                    "start": 26,
                    "end": 31,
                    "body": "today",
                    "entities": []
                }
            ],
            "traits": []
        },
        {
            "text": "what's on my calendar this week",
            "entities": [
                {
                    "entity": "wit$datetime:datetime",
                    "start": 22,
                    "end": 31,
                    "body": "this week",
                    "entities": []
                }
            ],
            "traits": []
        },
        {
            "text": "what's the 3 day forecast",
            "entities": [
                {
                    "entity": "Weather-Type_entity:Weather-Type_entity",
                    "start": 11,
                    "end": 16,
                    "body": "3 day",
                    "entities": []
                }
            ],
            "traits": [],
            "intent": "weather"
        },
        {
            "text": "what's the 7 day forecast?",
            "entities": [
                {
                    "entity": "Weather-Type_entity:Weather-Type_entity",
                    "start": 11,
                    "end": 16,
                    "body": "7 day",
                    "entities": []
                }
            ],
            "traits": [],
            "intent": "weather"
        },
        {
            "text": "what's the current forecast",
            "entities": [],
            "traits": [
                {
                    "trait": "Weather-Type",
                    "value": "current"
                }
            ],
            "intent": "weather"
        },
        {
            "text": "what's the forecast for the next few days",
            "entities": [
                {
                    "entity": "wit$datetime:datetime",
                    "start": 28,
                    "end": 41,
                    "body": "next few days",
                    "entities": []
                }
            ],
            "traits": [
                {
                    "trait": "Weather-Type",
                    "value": "3 day"
                }
            ],
            "intent": "weather"
        },
        {
            "text": "what's the forecast for the rest of the week",
            "entities": [],
            "traits": [
                {
                    "trait": "Weather-Type",
                    "value": "7 day"
                }
            ],
            "intent": "weather"
        },
        {
            "text": "what's the forecast for today?",
            "entities": [
                {
                    "entity": "wit$datetime:datetime",
                    "start": 24,
                    "end": 29,
                    "body": "today",
                    "entities": []
                }
            ],
            "traits": [],
            "intent": "weather"
        },
        {
            "text": "what's the meaning of life",
            "entities": [],
            "traits": [],
            "intent": "meaning of life"
        },
        {
            "text": "what's the nearest holiday",
            "entities": [],
            "traits": [],
            "intent": "holidays"
        },
        {
            "text": "what's the news for today?",
            "entities": [
                {
                    "entity": "wit$datetime:datetime",
                    "start": 20,
                    "end": 25,
                    "body": "today",
                    "entities": []
                }
            ],
            "traits": [],
            "intent": "news"
        },
        {
            "text": "what's the three day forecast",
            "entities": [
                {
                    "entity": "Weather-Type_entity:Weather-Type_entity",
                    "start": 11,
                    "end": 20,
                    "body": "three day",
                    "entities": []
                }
            ],
            "traits": [],
            "intent": "weather"
        },
        {
            "text": "what's the weather currently",
            "entities": [],
            "traits": [
                {
                    "trait": "Weather-Type",
                    "value": "current"
                }
            ],
            "intent": "weather"
        },
        {
            "text": "what's the weather like this week",
            "entities": [
                {
                    "entity": "wit$datetime:datetime",
                    "start": 24,
                    "end": 33,
                    "body": "this week",
                    "entities": []
                }
            ],
            "traits": [
                {
                    "trait": "Weather-Type",
                    "value": "7 day"
                }
            ],
            "intent": "weather"
        },
        {
            "text": "what's the weather like tomorrow",
            "entities": [
                {
                    "entity": "wit$datetime:datetime",
                    "start": 24,
                    "end": 32,
                    "body": "tomorrow",
                    "entities": []
                }
            ],
            "traits": [],
            "intent": "weather"
        },
        {
            "text": "what's the weather look like for the rest of the week",
            "entities": [],
            "traits": [
                {
                    "trait": "Weather-Type",
                    "value": "7 day"
                }
            ],
            "intent": "weather"
        },
        {
            "text": "what's the weather look like this week?",
            "entities": [
                {
                    "entity": "wit$datetime:datetime",
                    "start": 29,
                    "end": 38,
                    "body": "this week",
                    "entities": []
                }
            ],
            "traits": [],
            "intent": "weather"
        },
        {
            "text": "what's today's forecast",
            "entities": [
                {
                    "entity": "wit$datetime:datetime",
                    "start": 7,
                    "end": 12,
                    "body": "today",
                    "entities": []
                }
            ],
            "traits": [],
            "intent": "weather"
        },
        {
            "text": "what's today's forecast?",
            "entities": [
                {
                    "entity": "wit$datetime:datetime",
                    "start": 7,
                    "end": 12,
                    "body": "today",
                    "entities": []
                }
            ],
            "traits": [
                {
                    "trait": "Weather-Type",
                    "value": "today"
                }
            ],
            "intent": "weather"
        },
        {
            "text": "what's today's news",
            "entities": [],
            "traits": [],
            "intent": "news"
        },
        {
            "text": "what's today's news?",
            "entities": [
                {
                    "entity": "wit$datetime:datetime",
                    "start": 7,
                    "end": 12,
                    "body": "today",
                    "entities": []
                }
            ],
            "traits": [],
            "intent": "news"
        },
        {
            "text": "what's today's weather",
            "entities": [
                {
                    "entity": "wit$datetime:datetime",
                    "start": 7,
                    "end": 12,
                    "body": "today",
                    "entities": []
                }
            ],
            "traits": [],
            "intent": "weather"
        },
        {
            "text": "what's today's weather?",
            "entities": [],
            "traits": []
        },
        {
            "text": "whats the seven day forecast?",
            "entities": [
                {
                    "entity": "Weather-Type_entity:Weather-Type_entity",
                    "start": 10,
                    "end": 19,
                    "body": "seven day",
                    "entities": []
                }
            ],
            "traits": [],
            "intent": "weather"
        },
        {
            "text": "who am I",
            "entities": [],
            "traits": [],
            "intent": "user name"
        },
        {
            "text": "who are you?",
            "entities": [],
            "traits": [],
            "intent": "appearance"
        },
        {
            "text": "who's the fairest of them all",
            "entities": [],
            "traits": [],
            "intent": "snow white"
        },
        {
            "text": "why am i here",
            "entities": [],
            "traits": [],
            "intent": "meaning of life"
        },
        {
            "text": "you are a b****",
            "entities": [],
            "traits": [],
            "intent": "insult"
        },
        {
            "text": "you are a c***",
            "entities": [],
            "traits": [],
            "intent": "insult"
        },
        {
            "text": "you suck d***",
            "entities": [],
            "traits": [],
            "intent": "insult"
        }
    ]
}
