{
    "data": {
        "lookups": [
            "free-text",
            "keywords"
        ],
        "name": "Map-Type",
        "lang": "en",
        "id": "Map-Type",
        "doc": "User-defined entity",
        "builtin": false,
        "values": [
            {
                "value": "normal",
                "expressions": [
                    "normal"
                ]
            },
            {
                "value": "terrain",
                "expressions": [
                    "terrain"
                ]
            },
            {
                "value": "satellite",
                "expressions": [
                    "satellite"
                ]
            },
            {
                "value": "hybrid",
                "expressions": [
                    "hybrid"
                ]
            },
            {
                "value": "roadmap",
                "expressions": [
                    "roadmap"
                ]
            }
        ]
    }
}
