{
    "name": "Map-Type",
    "roles": [
        "Map-Type"
    ],
    "lookups": [
        "free-text",
        "keywords"
    ],
    "keywords": [
        {
            "keyword": "hybrid",
            "synonyms": [
                "hybrid"
            ]
        },
        {
            "keyword": "normal",
            "synonyms": [
                "normal"
            ]
        },
        {
            "keyword": "roadmap",
            "synonyms": [
                "roadmap"
            ]
        },
        {
            "keyword": "satellite",
            "synonyms": [
                "satellite"
            ]
        },
        {
            "keyword": "terrain",
            "synonyms": [
                "terrain"
            ]
        }
    ]
}
