{
    "data": {
        "lookups": [
            "free-text",
            "keywords"
        ],
        "name": "Status-Type",
        "lang": "en",
        "id": "Status-Type",
        "doc": "User-defined entity",
        "builtin": false,
        "values": [
            {
                "value": "clothes",
                "expressions": [
                    "clothes"
                ]
            },
            {
                "value": "makeup",
                "expressions": [
                    "makeup"
                ]
            },
            {
                "value": "outfit",
                "expressions": [
                    "attire",
                    "clothes",
                    "outfit"
                ]
            },
            {
                "value": "hair",
                "expressions": [
                    "hair",
                    "up do"
                ]
            }
        ]
    }
}
