{
    "name": "Status-Type",
    "roles": [
        "Status-Type"
    ],
    "lookups": [
        "free-text",
        "keywords"
    ],
    "keywords": [
        {
            "keyword": "clothes",
            "synonyms": [
                "clothes"
            ]
        },
        {
            "keyword": "hair",
            "synonyms": [
                "hair",
                "up do"
            ]
        },
        {
            "keyword": "makeup",
            "synonyms": [
                "makeup"
            ]
        },
        {
            "keyword": "outfit",
            "synonyms": [
                "attire",
                "clothes",
                "outfit"
            ]
        }
    ]
}
