{
    "data": {
        "lookups": [
            "free-text",
            "trait",
            "keywords"
        ],
        "name": "Weather-Type",
        "lang": "en",
        "id": "Weather-Type",
        "doc": "User-defined entity",
        "builtin": false,
        "values": [
            {
                "value": "tomorrow",
                "expressions": []
            },
            {
                "value": "today",
                "expressions": []
            },
            {
                "value": "current",
                "expressions": []
            },
            {
                "value": "7 day",
                "expressions": [
                    "7 day",
                    "seven day"
                ]
            },
            {
                "value": "3 day",
                "expressions": [
                    "3 day",
                    "three day"
                ]
            }
        ]
    }
}
