{
    "name": "Weather-Type_entity",
    "roles": [
        "Weather-Type_entity"
    ],
    "lookups": [
        "free-text",
        "keywords"
    ],
    "keywords": [
        {
            "keyword": "3 day",
            "synonyms": [
                "3 day",
                "three day"
            ]
        },
        {
            "keyword": "7 day",
            "synonyms": [
                "7 day",
                "seven day"
            ]
        },
        {
            "keyword": "current",
            "synonyms": []
        },
        {
            "keyword": "today",
            "synonyms": []
        },
        {
            "keyword": "tomorrow",
            "synonyms": []
        }
    ]
}
